Traveler,Part,Description,Quantity,Station,Color,Banding Color,Blank,Blank Size,Blank Qty
1703,"41-2437-22","Desktop,Apex,SD 30x60",4,Start,Marker Board,Black,,1549 X 1532,2
1704,"MG2248-55","36x72 Rect,GG/Blk",1,Start,Gray Glace,Black,MAGR4,925 X 1838,1
1705,"38-2284-49","Apex,36x23x19 Trpz",16,Start,Solar Oak,Black,CHOK FULL,1244 X 2460,3
1707,"38-2225-77","Tabletop,Apex,24x54 Rect",14,Start,Grey Nebula,Black,,1549 X 1532,5
1710,"MG2543-49","TableTop,Cafe,30Rnd SlrOak/Blk",3,Start,Solar Oak,Black,,,3
1711,"38-2226-77","Apex,24x48 Rect",12,Start,Grey Nebula,Black,,1244 X 2460,3
1712,"38-2230-77","Apex,24x72 Rect",10,Start,Grey Nebula,Black,,1244 X 1838,5
1719,"38-2257-22","Apex,24x60 Wave",2,Start,Marker Board,Black,,1549 X 1532,1
1724,"MG2270-50","60x66Hshoe,Map/Blk",3,Start,Fusion Maple,Black,MAGR7,1549 X 1838,3
1725,"MG2247-49","36x60 Rect,Oak/Blk",3,Start,Solar Oak,Black,CHOK5,1837 X 1532,2
1726,"MG2230-52","24x72 Rect,GG/Grn",1,Start,Gray Glace,Green,MAGR3,1244 X 1838,1
1727,"MG2224-52","24x36 Rect,GG/Grn",5,Start,Gray Glace,Green,MAGR1,1244 X 917,3
1728,"MG2247-60","36x60 Rec,WChy/Blk",18,Start,Wild Cherry,Black,CHOK5,1837 X 1532,9
1729,"38-2236-78","Apex,30x48 Rect",4,Start,Grey Nebula,Grey,,1549 X 1224,2
1730,"38-2226-78","Apex,24x48 Rect",1,Start,Grey Nebula,Grey,,1244 X 2460,1
1732,"MG2226-51","24x48 Rect,GG/Blu",30,Start,Gray Glace,Blue,MAGR FULL,1244 X 2460,8
1733,"MG2237-51","30x60 Rect,GG/Blu",2,Start,Gray Glace,Blue,MAGR8,1549 X 1532,1
1734,"MG2226-52","24x48 Rect,GG/Grn",4,Start,Gray Glace,Green,MAGR FULL,1244 X 2460,1
1735,"MG2226-54","24x48 Rect,GG/Yel",4,Start,Gray Glace,Yellow,MAGR FULL,1244 X 2460,1
1736,"MG2227-60","TblTopAsm,48x72Hshoe,WChry/Blk",7,Start,Wild Cherry,Black,CHOK3,1244 X 1838,7
1737,"38-2310-60","Apex,24x28 Bone",2,Start,Wild Cherry,Black,CHOK FULL,1244 X 2460,1
1738,"MG2237-60","30x60 Rec,WChy/Blk",10,Start,Wild Cherry,Black,CHOK8,1549 X 1532,5
1740,"38-2272-49","Apex,30x41Triangle",63,Start,Solar Oak,Black,CHOK FULL,1244 X 2460,11
1744,"MG2270-49","60x66Hshoe,Oak/Blk",1,Start,Solar Oak,Black,,1549 X 1838,1
1745,"MG2207-60","60 Round,WChr/Blk",1,Start,Wild Cherry,Black,CHOK8,1549 X 1532,1
1746,"MG2224-54","24x36 Rect,GG/Yel",2,Start,Gray Glace,Yellow,MAGR1,1244 X 917,1
1747,"MG2212-55","36 Square,GG/Blk",2,Start,Gray Glace,Black,MAGR4,925 X 1838,1
1748,"MG2236-51","30x48 Rect,GG/Blu",2,Start,Gray Glace,Blue,,1549 X 1224,1
1749,"MG2270-51","60x66Hshoe,GG/Blu",13,Start,Gray Glace,Blue,MAGR7,1549 X 1838,13
1750,"MG2236-52","30x48 Rect,GG/Grn",3,Start,Gray Glace,Green,,1549 X 1224,2
1751,"38-2272-60","Apex,30x41Triangle",1,Start,Wild Cherry,Black,CHOK FULL,1244 X 2460,1
1752,"MG2236-49","30x48 Rect,Oak/Blk",11,Start,Solar Oak,Black,,1549 X 1224,6
1753,"MG2268-49","48x72 Kdny,Oak/Blk",3,Start,Solar Oak,Black,CHOK3,1244 X 1838,3
1754,"MG2237-49","30x60 Rect,Oak/Blk",2,Start,Solar Oak,Black,CHOK8,1549 X 1532,1
1755,"38-2284-22","Apex,36x23x19 Trpz",5,Start,Marker Board,Black,,1244 X 2460,1
1756,"38-2272-61","Apex,30x41Triangle",8,Start,Fusion Maple,Grey,MAGR FULL,1244 X 2460,2
1758,"38-2222-78","Apex,20x60 Rect",20,Start,Grey Nebula,Grey,,1549 X 1532,7
1761,"MG2236-53","30x48 Rect,GG/Red",3,Start,Gray Glace,Red,,1549 X 1224,2
1763,"38-2251-23","Apex,60 Delta",6,Start,Marker Board,Grey,,1549 X 1532,6
1764,"MG2212-51","36 Square,GG/Blu",3,Start,Gray Glace,Blue,MAGR4,925 X 1838,2
1765,"MG2224-50","24x36 Rect,Map/Blk",1,Start,Fusion Maple,Black,MAGR1,1244 X 917,1
1766,"MG2224-49","24x36 Rect,Oak/Blk",1,Start,Solar Oak,Black,,1244 X 917,1
1767,"MG2224-60","24x36 Rec,WChy/Blk",2,Start,Wild Cherry,Black,,1244 X 917,1
1768,"38-2284-78","Apex,36x23x19 Trpz",4,Start,Grey Nebula,Grey,,1244 X 2460,1
1769,"MG2246-49","36x48 Rect,Oak/Blk",1,Start,Solar Oak,Black,CHOK FULL,1244 X 2460,1
1770,"MG2245-55","42 Round,GG/Blk",5,Start,Gray Glace,Black,MAGR FULL,1244 X 2460,3
1771,"MG2276-55","24x48 Trpz,GG/Blk",1,Start,Gray Glace,Black,MAGR FULL,1244 X 1229,1
1772,"38-2220-60","Apex,20x36 Rect",2,Start,Wild Cherry,Black,CHOK7,1549 X 1838,1
1773,"MG2226-53","24x48 Rect,GG/Red",1,Start,Gray Glace,Red,MAGR FULL,1244 X 2460,1
1774,"MG2237-53","30x60 Rect,GG/Red",1,Start,Gray Glace,Red,MAGR8,1549 X 1532,1
1775,"38-2284-80","Apex,36x23x19 Trpz",50,Start,Sand Shoal,Grey,,1244 X 2460,9
1777,"MG2276-52","24x48 Trpz,GG/Grn",7,Start,Gray Glace,Green,MAGR FULL,1244 X 1229,2
1778,"MG2265-52","48 Clover,GG/Grn",7,Start,Gray Glace,Green,MAGR FULL,1244 X 2460,4
1779,"MG2227-52","48x72Hshoe,GG/Grn",7,Start,Gray Glace,Green,MAGR3,1244 X 1838,7
1781,"MG2266-49","48 Round,Oak/Blk",5,Start,Solar Oak,Black,CHOK FULL,1244 X 2460,3
1782,"38-2268-49","Apex,48x72 Kdny",2,Start,Solar Oak,Black,CHOK3,1244 X 1838,2
1783,"MG2238-52","30x72 Rect,GG/Grn",2,Start,Gray Glace,Green,MAGR7,1549 X 1838,1
1784,"MG2266-51","48 Round,GG/Blu",1,Start,Gray Glace,Blue,MAGR FULL,1244 X 2460,1
1785,"MG2266-54","48 Round,GG/Yel",1,Start,Gray Glace,Yellow,MAGR FULL,1244 X 2460,1
1802,"38-2310-77","Apex,24x28 Bone",1,Start,Grey Nebula,Black,,1244 X 2460,1
1803,"38-2220-49","Apex,20x36 Rect",1,Start,Solar Oak,Black,CHOK7,1549 X 1838,1
1804,"MG2245-52","42 Round,GG/Grn",1,Start,Gray Glace,Green,MAGR FULL,1244 X 2460,1
1805,"MG2270-53","60x66Hshoe,GG/Red",1,Start,Gray Glace,Red,MAGR7,1549 X 1838,1
1806,"MG2245-53","42 Round,GG/Red",1,Start,Gray Glace,Red,MAGR FULL,1244 X 2460,1
1807,"MG2270-52","60x66Hshoe,GG/Grn",1,Start,Gray Glace,Green,MAGR7,1549 X 1838,1
1808,"MG2226-55","24x48 Rect,GG/Blk",1,Start,Gray Glace,Black,MAGR FULL,1244 X 2460,1
1809,"MG2248-52","36x72 Rect,GG/Grn",1,Start,Gray Glace,Green,MAGR4,925 X 1838,1
1810,"MG2248-51","36x72 Rect,GG/Blu",1,Start,Gray Glace,Blue,MAGR4,925 X 1838,1
1811,"38-2222-77","Apex,20x60 Rect",3,Start,Grey Nebula,Black,,1549 X 1532,1
1812,"MG2287-51","30x60 Trpz,GG/Blu",1,Start,Gray Glace,Blue,MAGR8,1549 X 1532,1
1813,"MG2287-52","30x60 Trpz,GG/Grn",1,Start,Gray Glace,Green,MAGR8,1549 X 1532,1
1814,"MG2287-54","30x60 Trpz,GG/Yel",1,Start,Gray Glace,Yellow,MAGR8,1549 X 1532,1
1815,"MG2248-82","36x72 Rect,GG/Nav",4,Start,Gray Glace,Navy,MAGR4,925 X 1838,4
1816,"MG2512-77","TableTop,Cafe,36Sq GryNeb/Blk",6,Start,Grey Nebula,Black,,925 X 1838,6
1817,"MG2543-77","TableTop,Cafe,30Rnd GryNeb/Blk",4,Start,Grey Nebula,Black,,,4
1818,"38-2227-22","Tabletop,Apex,48x72Hshoe",1,Start,Marker Board,Black,,1244 X 1838,1
1819,"MG2237-50","30x60 Rect,Map/Blk",1,Start,Fusion Maple,Black,MAGR8,1549 X 1532,1
